Keyword,Keyword_Length_Score,Search_Volume_Scaled,Ranking Difficulty Score,Ranking Difficulty Scaled,Total Monthly Clicks Scaled,Broad CPC Score,Is Question Score,NSFW Score,Is_Good_Keyword,Label_Notes,Business_Keyword_Similarity
marketing and sales funnel hubspot prospect definition,3,0.3540331334706706,100,1.0,0.3712607321280216,1,0,1,0,words don’t make sense,0.4262647
womanpreneur sales funnel,1,0.3540331334706706,100,1.0,0.3712607321280216,1,0,1,0,words don’t work,0.31520352
sales funnel 2018,1,0.0,100,1.0,0.3712607321280216,1,0,1,0,not good because of date involved. No search volume,0.33158916
social media sales funnels i use to create bestsellers,3,0.3540331334706706,100,1.0,0.3712607321280216,1,0,1,0,doesn’t align,0.42330128
sales funnel reports,1,0.0,75,0.75,0.3712607321280216,1,0,1,0,bad length doesn’t align,0.3378541
sales funnel google most touchpoints,3,0.3540331334706706,100,1.0,0.3712607321280216,1,0,1,0,doesn’t align,0.42566857
sales funnel pictures,1,0.3540331334706706,64,0.64,0.3712607321280216,1,0,1,0,not trying to rank for images,0.4169661
web developer sales funnel,2,0.3540331334706706,100,1.0,0.3712607321280216,1,0,1,0,not our niche/audience,0.4351095
inbound marketing sales funnel at saas qualifiying leads,3,0.3540331334706706,100,1.0,0.3712607321280216,1,0,1,0,not our audience,0.506575
contact sales funnel,1,0.3540331334706706,100,1.0,0.3712607321280216,1,0,1,0,no,0.39131293
stages of sales and marketing funnel crm web analytics,3,0.3540331334706706,100,1.0,0.3712607321280216,1,0,1,0,no,0.46228248
how to know a good sales funnel course,3,0.0,82,0.82,0.3712607321280216,1,1,1,0,no,0.501612
set up goals sales funnel ga,3,0.3540331334706706,100,1.0,0.3712607321280216,1,0,1,0,,0.3948671
mind map sales funnel,2,0.3540331334706706,100,1.0,0.3712607321280216,1,0,1,0,,0.42947823
cheaper sales funnels,1,0.3540331334706706,100,1.0,0.3712607321280216,1,0,1,0,,0.4889232
sales funnel guides to buying decison,3,0.3540331334706706,100,1.0,0.3712607321280216,1,0,1,0,,0.39744467
ideal sales funnel,1,0.3540331334706706,100,1.0,0.3712607321280216,1,0,1,1,,0.49500328
after hurican hugoÃ¯Â¿Â¼ sales funnel,3,0.3540331334706706,100,1.0,0.3712607321280216,1,0,1,0,,0.3818322
web design sample sales funnel,3,0.3540331334706706,100,1.0,0.3712607321280216,1,0,1,0,,0.495011
independent sales funnel builder,2,0.3540331334706706,100,1.0,0.3712607321280216,1,0,1,0,,0.3658483
sample sales funnels for makeup artists,3,0.3540331334706706,100,1.0,0.3712607321280216,1,0,1,0,,0.41984117
website sales funnel stages,2,0.0,100,1.0,0.3712607321280216,1,0,1,0,,0.46749932
summer sales recruiting funnel,2,0.0,76,0.76,0.3712607321280216,1,0,1,0,,0.3925917
personal trainer sales funnels,2,0.3540331334706706,100,1.0,0.3712607321280216,1,0,1,0,,0.3821096
sales funnel lead page convertkit,3,0.3540331334706706,100,1.0,0.3712607321280216,1,0,1,0,,0.21058317
sales funnel philosophy,1,0.3540331334706706,100,1.0,0.3712607321280216,1,0,1,1,,0.520621
sales funnel broker login,2,0.3540331334706706,100,1.0,0.3712607321280216,1,0,1,0,,0.24397221
benefit of sales funnel setup,3,0.3540331334706706,100,1.0,0.3712607321280216,1,0,1,1,,0.4258733
sales funnels do you want fries with that,3,0.3540331334706706,100,1.0,0.3712607321280216,1,0,1,0,,0.33541974
e learning sales funnels content uploads 2017 sales letters,3,0.3540331334706706,100,1.0,0.3712607321280216,1,0,1,0,,0.43810666
what is sales funnel website,3,0.0,100,1.0,0.3712607321280216,1,1,1,0,,0.40211248
sales funnel to promote gdi,3,0.0,100,1.0,0.3712607321280216,1,0,1,0,,0.49919817
best sales funnel for shopify,3,0.0,100,1.0,0.3712607321280216,1,0,1,0,,0.46139735
what is funnel packing in sales,3,0.3540331334706706,100,1.0,0.3712607321280216,1,1,1,0,,0.3771981
how much difference does a sales funnel make in rate of conversion,3,0.3540331334706706,100,1.0,0.3712607321280216,1,1,1,0,,0.30508623
how to create simple sales funnels using tools you bonus,3,0.3540331334706706,100,1.0,0.3712607321280216,1,1,1,0,,0.34591827
sales funnel per campaign,2,0.3540331334706706,100,1.0,0.3712607321280216,1,0,1,0,,0.42487073
what does failed mean on click funnels sales page,3,0.3540331334706706,100,1.0,0.3712607321280216,1,1,1,0,,0.20817788
lacey philips sales funnel,2,0.3540331334706706,100,1.0,0.3712607321280216,1,0,1,0,,0.3163711
how to post sales funnels,3,0.3540331334706706,100,1.0,0.3712607321280216,1,1,1,0,,0.39581022
sales funnel vs pipeline visual,3,0.3540331334706706,100,1.0,0.3712607321280216,1,0,1,0,,0.2755245
samples of good sales web funnels,3,0.3540331334706706,100,1.0,0.3712607321280216,1,0,1,0,,0.5222553
outound sales funnel,1,0.3540331334706706,100,1.0,0.3712607321280216,1,0,1,0,,0.39154178
miller hieman sales funnel,2,0.3540331334706706,100,1.0,0.3712607321280216,1,0,1,0,,0.32811534
leads opportunities sales funnel,2,0.3540331334706706,100,1.0,0.3712607321280216,1,0,1,1,,0.4769195
sales funnel sales vs marketing,3,0.3540331334706706,100,1.0,0.3712607321280216,1,0,1,0,,0.5085067
wordpress plugin for sales funnels,3,0.3540331334706706,100,1.0,0.3712607321280216,1,0,1,0,,0.38604742
sales funnel plug in wordpress,3,0.3540331334706706,100,1.0,0.3712607321280216,1,0,1,0,,0.33393225
is sales funnel marketing,2,0.0,100,1.0,0.3712607321280216,1,1,1,0,,0.57515275
sales funnel copy writing services,3,0.0,89,0.89,0.3712607321280216,1,0,1,1,,0.32493523
which content is appropriate for visitors in the sales funnel,3,0.0,72,0.72,0.3712607321280216,1,1,1,0,,0.4711358
sales funnel wizards,1,0.0,79,0.79,0.3712607321280216,1,0,1,0,,0.4613094
"the sales funnel 12 steps report, front talk",3,0.3540331334706706,100,1.0,0.3712607321280216,1,0,1,0,,0.40681228
how to create a sales funnel with wordpress,3,0.2473117909604055,100,1.0,0.3712607321280216,1,0,1,0,,0.36331505
winning sales funnels making money,3,0.3540331334706706,100,1.0,0.3712607321280216,1,0,1,0,,0.4734243
domainer pro sales jv funnel,3,0.3540331334706706,100,1.0,0.3712607321280216,1,0,1,0,,0.24133852
facebook product sales funnel software 10minute,3,0.3540331334706706,100,1.0,0.3712607321280216,1,0,1,0,,0.3527486
top-of the funnel sales,2,0.0,76,0.76,0.3712607321280216,1,0,1,0,,0.4648605
best sales funnel products,2,0.3540331334706706,100,1.0,0.3712607321280216,1,0,1,0,,0.47452363
how to create a sales funnel internet marketing,3,0.0,100,1.0,0.3712607321280216,1,0,1,0,,0.60235506
sale funnel lÃ  gÃ¬,2,0.0,100,1.0,0.3712607321280216,1,0,1,0,,0.28466007
made sales funnels,1,0.3540331334706706,100,1.0,0.3712607321280216,1,0,1,0,,0.46764186
sales funnel google ads,2,0.0,100,1.0,0.3712607321280216,1,0,1,0,,0.40519917
make sales funnels with squarespace,3,0.3540331334706706,100,1.0,0.3712607321280216,1,0,1,0,,0.31758204
sales funnel marketing automation,2,0.3540331334706706,100,1.0,0.3712607321280216,1,0,1,1,,0.49733332
tool to document a sales funnel,3,0.3540331334706706,100,1.0,0.3712607321280216,1,0,1,0,,0.2989235
builderall sales funnels,1,0.3540331334706706,100,1.0,0.3712607321280216,1,0,1,0,,0.3265047
blog sales funnel yaro starak,3,0.3540331334706706,100,1.0,0.3712607321280216,1,0,1,0,,0.3492565
kartra sales funnels,1,0.0,85,0.85,0.3712607321280216,1,0,1,0,,0.40620083
build me a sales funnel,3,0.0,72,0.72,0.3712607321280216,1,0,1,0,,0.5233441
top sales funnel builder 2020,3,0.0,100,1.0,0.3712607321280216,1,0,1,0,,0.3508001
website builder with sales funnel,3,0.3540331334706706,100,1.0,0.3712607321280216,1,0,1,0,,0.37551516
wordpress sales funnel plugins,2,0.3540331334706706,100,1.0,0.3712607321280216,1,0,1,0,,0.35459593
sales funnels for,1,0.0,52,0.52,0.3712607321280216,1,0,1,0,,0.46516797
sales funnels service,1,0.0,100,1.0,0.3712607321280216,1,0,1,1,,0.43343833
click funnels sales tax,2,0.3540331334706706,100,1.0,0.3712607321280216,1,0,1,0,,0.31123543
bookkeeping software for mac - our favorite picks + sales funnel hq,3,0.3540331334706706,100,1.0,0.3712607321280216,1,0,1,0,,0.29720214
building a sales team funnel,3,0.3540331334706706,100,1.0,0.3712607321280216,1,0,1,0,,0.44237974
the objective at the top of the sales funnel is...? course hero,3,0.3540331334706706,100,1.0,0.3712607321280216,1,0,1,0,,0.49783528
shopify build sales funnel free,3,0.3540331334706706,100,1.0,0.3712607321280216,1,0,1,0,,0.36312076
what is an unhackable sales funnel,3,0.4442928634111123,100,1.0,0.3712607321280216,1,1,1,0,,0.28927958
sales funnel job titles,2,0.4442928634111123,100,1.0,0.3712607321280216,1,0,1,0,,0.31906855
creating an effective sales funnel,3,0.4442928634111123,100,1.0,0.3712607321280216,1,0,1,1,,0.5382095
how to get traffic to your sales funnel,3,0.4442928634111123,100,1.0,0.3712607321280216,1,1,1,1,,0.38233462
sales funnel versus flow chart,3,0.4442928634111123,100,1.0,0.3712607321280216,1,0,1,0,,0.3258151
copy icon sales funnel services,3,0.4442928634111123,100,1.0,0.3712607321280216,1,0,1,0,,0.23324822
facebook click sale funnel,2,0.4442928634111123,100,1.0,0.3712607321280216,1,0,1,0,,0.37059432
e-commerce sales funnel example,2,0.4064130759833568,100,1.0,0.3712607321280216,1,0,1,0,,0.46120903
sales funnel vs buyers journey,3,0.4442928634111123,100,1.0,0.3712607321280216,1,0,1,1,,0.40353146
sales funnel images online,2,0.4442928634111123,100,1.0,0.3712607321280216,1,0,1,0,,0.4172256
best free consulting sales funnel clickfunnels,3,0.4442928634111123,100,1.0,0.3712607321280216,1,0,1,0,,0.48498482
regular sales funnel,1,0.4442928634111123,100,1.0,0.3712607321280216,1,0,1,0,,0.41749275
increasing top of funnel sales leads,3,0.4442928634111123,100,1.0,0.3712607321280216,1,0,1,1,,0.46268687
how does a sales funnel prevent you from leaving money on the table,3,0.4442928634111123,100,1.0,0.3712607321280216,1,1,1,0,,0.25664848
sales funnel parts,1,0.4442928634111123,100,1.0,0.3712607321280216,1,0,1,1,,0.36804727
sales funnel consideration,1,0.3737849620707267,100,1.0,0.3712607321280216,1,0,1,0,,0.45452276
how to create a sales funnel magento 2,3,0.4442928634111123,100,1.0,0.3712607321280216,1,1,1,0,,0.28173667
turn your into a sales funnel,3,0.4442928634111123,100,1.0,0.3712607321280216,1,0,1,0,,0.5511013
5 sales funnel,1,0.4442928634111123,100,1.0,0.3712607321280216,1,0,1,0,,0.42972544
images of sales funnel,2,0.4442928634111123,100,1.0,0.3712607321280216,1,0,1,0,,0.4157374
what are the most common issues with creating sales funnels,3,0.4442928634111123,100,1.0,0.3712607321280216,1,1,1,1,,0.46648863
sales funnel facebook ad home buyers,3,0.4442928634111123,100,1.0,0.3712607321280216,1,0,1,0,,0.39958572
sales funnel swipes copy,2,0.4442928634111123,100,1.0,0.3712607321280216,1,0,1,0,,0.27302867
building your ecommerce sales funnel,3,0.4442928634111123,100,1.0,0.3712607321280216,1,0,1,0,,0.52899617
feed sales funnel,1,0.4442928634111123,100,1.0,0.3712607321280216,1,0,1,0,,0.46524948
sales funnel stages user story,3,0.4442928634111123,100,1.0,0.3712607321280216,1,0,1,1,,0.4164317
sales funnel online casino,2,0.4442928634111123,100,1.0,0.3712607321280216,1,0,1,0,,0.37347326
sales funnel horizontal graphic,2,0.4442928634111123,100,1.0,0.3712607321280216,1,0,1,0,,0.35166398
best sales funnel pages,2,0.4442928634111123,100,1.0,0.3712607321280216,1,0,1,0,,0.4065278
sales funnel elements elementor,2,0.4442928634111123,100,1.0,0.3712607321280216,1,0,1,0,,0.23732033
what is facebook sales funnel,3,0.4202273294065033,100,1.0,0.3712607321280216,1,1,1,0,,0.3538088
Killer Sales Funnel,1,0.4442928634111123,100,1.0,0.3712607321280216,1,0,1,0,,0.44407722
loan sales marketing funnel,2,0.4442928634111123,100,1.0,0.3712607321280216,1,0,1,0,,0.44767594
"sales funnel, dollar, high ticket",3,0.4442928634111123,100,1.0,0.3712607321280216,1,0,1,0,,0.31542566
best sales funnels templates,2,0.4442928634111123,100,1.0,0.3712607321280216,1,0,1,0,,0.42093462
best wordpress membership for sales funnel,3,0.4442928634111123,100,1.0,0.3712607321280216,1,0,1,0,,0.39668837
a/b split testing sales funnels,3,0.4442928634111123,100,1.0,0.3712607321280216,1,0,1,0,,0.3558102
sale funnel demo,1,0.4442928634111123,100,1.0,0.3712607321280216,1,0,1,0,,0.41842532
sales funnel more clients,2,0.4442928634111123,100,1.0,0.3712607321280216,1,0,1,0,,0.54737425
product too small for a sales funnel,3,0.4442928634111123,100,1.0,0.3712607321280216,1,0,1,0,,0.43838263
mobe sales funnel,1,0.4442928634111123,100,1.0,0.3712607321280216,1,0,1,0,,0.43314826
sandler pain funnel sandler sales,3,0.4442928634111123,100,1.0,0.3712607321280216,1,0,1,0,,0.2657272
set up sales funnel active campaign,3,0.4442928634111123,100,1.0,0.3712607321280216,1,0,1,0,,0.39389706
configure sales funnel lead gen,3,0.4442928634111123,100,1.0,0.3712607321280216,1,0,1,0,,0.27352637
sales funnel with dollar sign icon,3,0.4442928634111123,100,1.0,0.3712607321280216,1,0,1,0,,0.22473805
Acton and sales funnels,2,0.4442928634111123,100,1.0,0.3712607321280216,1,0,1,0,,0.41900206
How to create a Sales Funnel 2017,3,0.4442928634111123,100,1.0,0.3712607321280216,1,1,1,0,,0.30842996
sales funnel Creator Builder,2,0.4442928634111123,100,1.0,0.3712607321280216,1,0,1,0,,0.32162267
creating a profitable sales funnel,3,0.4442928634111123,100,1.0,0.3712607321280216,1,0,1,1,,0.5390713
lead generation and sales funnels services pricing,3,0.4442928634111123,100,1.0,0.3712607321280216,1,0,1,0,,0.46343482
The objective at the bottom of the sales funnel is...? marketing 431,3,0.4442928634111123,100,1.0,0.3712607321280216,1,0,1,0,,0.58360696
types of sales funnel,2,0.4064130759833568,100,1.0,0.3712607321280216,1,0,1,0,,0.39668018
sales funnel ecomerce,1,0.4442928634111123,100,1.0,0.3712607321280216,1,0,1,0,,0.4440073
mdia agency sales funnel,2,0.4442928634111123,100,1.0,0.3712607321280216,1,0,1,0,,0.30314204
funnel cake ingrdeidients how to serve funnel cake for bake sale,3,0.4442928634111123,100,1.0,0.3712607321280216,1,0,1,0,,0.27665815
Growth Hacking Course For Sales Funnel & Marketing Strategies Reaches 1047 Users,3,0.4442928634111123,100,1.0,0.3712607321280216,1,0,1,0,,0.5495057
SALES FUNNEL COMPONENTS,1,0.4442928634111123,100,1.0,0.3712607321280216,1,0,1,1,,0.38736787
sales funnel cheatshet thinkific pdf,3,0.4442928634111123,100,1.0,0.3712607321280216,1,0,1,0,,0.34519458
how to create an awesome sales funnel,3,0.4442928634111123,100,1.0,0.3712607321280216,1,1,1,1,,0.4666694
sales funnel providers,1,0.4442928634111123,100,1.0,0.3712607321280216,1,0,1,0,,0.4553782
sales funnel theme for wordpress,3,0.4442928634111123,100,1.0,0.3712607321280216,1,0,1,0,,0.37256694
Revenue Funnel Science: How to Optimize Your Marketing and Sales Funnel,3,0.4442928634111123,100,1.0,0.3712607321280216,1,0,1,0,,0.62776697
what a sales funnel is,3,0.4442928634111123,100,1.0,0.3712607321280216,1,0,1,1,,0.39424452
converting  sales funnel in Clickfunnels,3,0.4442928634111123,100,1.0,0.3712607321280216,1,0,1,0,,0.29328468
sales across teh funnel,2,0.4442928634111123,100,1.0,0.3712607321280216,1,0,1,0,,0.439603
sales funnel stages sales funnel marketo,3,0.4442928634111123,100,1.0,0.3712607321280216,1,0,1,0,,0.41670504
product sales click funnels,2,0.4442928634111123,100,1.0,0.3712607321280216,1,0,1,0,,0.42560974
easy sales funnel crm,2,0.4442928634111123,100,1.0,0.3712607321280216,1,0,1,0,,0.49434084
sales attribution funnel,1,0.4442928634111123,100,1.0,0.3712607321280216,1,0,1,0,,0.48244888
sample of a funnel for CD sales,3,0.4442928634111123,100,1.0,0.3712607321280216,1,0,1,0,,0.39042142
sample sales funnels for products,3,0.4442928634111123,100,1.0,0.3712607321280216,1,0,1,0,,0.48022452
How to move your clients through sales funnel,3,0.4442928634111123,100,1.0,0.3712607321280216,1,1,1,0,,0.42943114
best sales funnel visualization,2,0.4442928634111123,100,1.0,0.3712607321280216,1,0,1,0,,0.4092555
sales funnel diagram powerpoint,2,0.4442928634111123,100,1.0,0.3712607321280216,0,0,1,0,,0.3508592
sales funnel outsourcing,1,0.4442928634111123,100,1.0,0.3712607321280216,1,0,1,0,,0.4675279
scale sales funnel,1,0.4442928634111123,100,1.0,0.3712607321280216,1,0,1,1,,0.41835898
need a sales funnel,2,0.4442928634111123,100,1.0,0.3712607321280216,1,0,1,0,,0.42464912
20 effective sales funnel,2,0.4442928634111123,100,1.0,0.3712607321280216,1,0,1,0,,0.43682674
sales funnel pre sales/sales funnel,3,0.4442928634111123,100,1.0,0.3712607321280216,1,0,1,0,,0.33491167
establishing a sales funnel,2,0.4442928634111123,100,1.0,0.3712607321280216,1,0,1,1,,0.47343478
construction sales funnel example,2,0.4647788817135393,100,1.0,0.4873954768329804,1,0,1,0,,0.41801655
plr articles 2019 sales funnels,3,0.4647788817135393,100,1.0,0.3712607321280216,1,0,1,0,,0.39837813
b2b sales funnel stats,2,0.5125744690903496,100,1.0,0.5375168442542968,1,0,1,0,,0.31613043
best sales funnel for construction services,3,0.4647788817135393,100,1.0,0.3712607321280216,1,0,1,0,,0.42341733
best product sales funnel,2,0.5125744690903496,100,1.0,0.5375168442542968,1,0,1,0,,0.49100447
your first sales funnel plr,3,0.4647788817135393,100,1.0,0.3712607321280216,1,0,1,0,,0.40827772
sales funnel for service vs product,3,0.5125744690903496,100,1.0,0.4873954768329804,1,0,1,1,,0.45659256
what is sales funnel management,3,0.4647788817135393,74,0.74,0.3712607321280216,1,1,1,0,,0.43099257
woocommerce sales funnel builder,2,0.5020863365785918,100,1.0,0.3712607321280216,1,0,1,0,,0.3321209
top of funnel sales quotes,3,0.4647788817135393,100,1.0,0.3712607321280216,1,0,1,0,,0.27401707
sales funnel terminology cheatsheet,2,0.4647788817135393,100,1.0,0.4873954768329804,1,0,1,0,,0.28523108
t-shirt sales funnel,1,0.4647788817135393,100,1.0,0.4873954768329804,0,0,1,0,,0.3947487
sales funnel websites,1,0.5056716638358412,100,1.0,0.5375168442542968,1,0,1,0,,0.4781315
market funnel versus sales,2,0.4647788817135393,100,1.0,0.4873954768329804,1,0,1,0,,0.47822663
sales funnel vs sales pipeline,3,0.5056716638358412,78,0.78,0.5375168442542968,1,0,1,0,,0.31746548
sales funnel automation tools,2,0.4867341581795184,100,1.0,0.3712607321280216,1,0,1,0,,0.3324151
optimize a sales funnel,2,0.4647788817135393,100,1.0,0.4873954768329804,1,0,1,1,,0.46063808
single product sales funnels,2,0.5125744690903496,100,1.0,0.5375168442542968,1,0,1,0,,0.42867732
sales funnel plugin,1,0.5125744690903496,100,1.0,0.3712607321280216,1,0,1,0,,0.37027714
home value sales funnel,2,0.5125744690903496,100,1.0,0.4873954768329804,1,0,1,0,,0.34276044
sales funnel for churches,2,0.4647788817135393,100,1.0,0.3712607321280216,1,0,1,0,,0.3637471
sales funnel for local business,3,0.4647788817135393,100,1.0,0.4873954768329804,1,0,1,0,,0.4127541
fashion e-commerce sales funnel,2,0.4647788817135393,100,1.0,0.4873954768329804,1,0,1,0,,0.4476992
econimists on sales funnels,2,0.4647788817135393,100,1.0,0.3712607321280216,1,0,1,0,,0.4683705
5 day sales email funnel,3,0.4647788817135393,100,1.0,0.4873954768329804,1,0,1,0,,0.4101797
antique english sterling silver wine funnel for sale,3,0.5125744690903496,100,1.0,0.5375168442542968,1,0,1,0,,0.10842385
sales funnel amazon product,2,0.5125744690903496,100,1.0,0.5375168442542968,1,0,1,0,,0.38041848
how to create a sales funnel for free step by step,3,0.4647788817135393,100,1.0,0.3712607321280216,1,1,1,0,,0.35803643
clickfunnel video sales letter funnel,3,0.4647788817135393,100,1.0,0.4873954768329804,1,0,1,0,,0.34010765
tribe sales funnel,1,0.4647788817135393,100,1.0,0.3712607321280216,1,0,1,0,,0.35323265
sales funnels one page vs multiple pages,3,0.4647788817135393,100,1.0,0.3712607321280216,1,0,1,0,,0.28168806
your free sales funnel,2,0.4647788817135393,100,1.0,0.3712607321280216,1,0,1,0,,0.4724211
perfect sales funnel download,2,0.4647788817135393,100,1.0,0.3712607321280216,1,0,1,0,,0.39555833
sales funnel by insightsquared,2,0.4647788817135393,100,1.0,0.4873954768329804,1,0,1,0,,0.38279542
sales funnel last step,2,0.4647788817135393,100,1.0,0.4873954768329804,1,0,1,0,,0.34405068
sales funnel specialist linkedin,2,0.4647788817135393,100,1.0,0.4873954768329804,1,0,1,0,,0.35661358
facebook ad sales funnel with landing page,3,0.4647788817135393,100,1.0,0.3712607321280216,1,0,1,0,,0.32664028
autopilothq sales funnel,1,0.4647788817135393,100,1.0,0.4873954768329804,1,0,1,0,,0.2869382
sales funnel for video production agencies,3,0.5125744690903496,100,1.0,0.4873954768329804,1,0,1,0,,0.42623207
clickfunnels product sales funnel,2,0.4647788817135393,100,1.0,0.3712607321280216,1,0,1,0,,0.38638595
sales funnel=,0,0.4647788817135393,100,1.0,0.3712607321280216,0,0,1,0,,0.38874868
sales funnels simple graphics,2,0.4647788817135393,100,1.0,0.3712607321280216,1,0,1,0,,0.46108216
how to make a sales funnel graph in powerpoint,3,0.5125744690903496,100,1.0,0.5375168442542968,1,1,1,0,,0.27359378
where does a sales letter go in a funnel?,3,0.4647788817135393,100,1.0,0.3712607321280216,1,1,1,0,,0.30595842
indeed sales funnels,1,0.4647788817135393,100,1.0,0.3712607321280216,1,0,1,0,,0.4524315
list building video sales funnels,3,0.4647788817135393,100,1.0,0.3712607321280216,1,0,1,0,,0.416518
clickfunnel example sales funnel,2,0.5125744690903496,100,1.0,0.5375168442542968,1,0,1,0,,0.33376256
how to create a funnel system for my webinar and product sales,3,0.5125744690903496,100,1.0,0.5375168442542968,1,1,1,1,,0.41923305
sales funnel models for it services,3,0.4647788817135393,100,1.0,0.4873954768329804,1,0,1,0,,0.4924429
diy sales funnel and landing pages with wordpress.,3,0.4647788817135393,100,1.0,0.4873954768329804,1,0,1,1,,0.47566572
gorgeous sales funnels,1,0.5125744690903496,100,1.0,0.4873954768329804,1,0,1,0,,0.4396456
market your sales funnel using blog,3,0.4647788817135393,100,1.0,0.3712607321280216,1,0,1,0,,0.50737405
copper funnels for sale,2,0.5125744690903496,100,1.0,0.3712607321280216,1,0,1,0,,0.27491212
zoho for sales funnels,2,0.5125744690903496,100,1.0,0.5375168442542968,1,0,1,0,,0.33127698
best consideration email for sales funnel,3,0.4647788817135393,100,1.0,0.3712607321280216,1,0,1,0,,0.45729667
advocare sales funnel,1,0.5125744690903496,100,1.0,0.4873954768329804,1,0,1,0,,0.33210704
flex watches sales funnel,2,0.5125744690903496,100,1.0,0.4873954768329804,1,0,1,0,,0.2926544
simple prospective sales funnel template,3,0.4647788817135393,100,1.0,0.3712607321280216,1,0,1,0,,0.41502336
sales funnel for heavy duty truck parts seller,3,0.5125744690903496,100,1.0,0.5375168442542968,1,0,1,0,,0.291557
easiest way to set up a sales funnel,3,0.4647788817135393,100,1.0,0.3712607321280216,1,0,1,1,,0.4225693
doterra sales funnel[,1,0.4647788817135393,100,1.0,0.4873954768329804,1,0,1,0,,0.34216842
sales funnel icon png,2,0.4647788817135393,100,1.0,0.3712607321280216,1,0,1,0,,0.2863328
how to build a facebook sales funnel,3,0.5125744690903496,100,1.0,0.4873954768329804,1,1,1,0,,0.43962353
marketing sales implementation funnel,2,0.5125744690903496,100,1.0,0.4873954768329804,1,0,1,0,,0.55803907
digital advertising sales funnel,2,0.5125744690903496,100,1.0,0.4873954768329804,1,0,1,1,,0.55920124
best software for supplement sales funnels,3,0.4647788817135393,100,1.0,0.4873954768329804,1,0,1,0,,0.40347734
whmcs sales funnel,1,0.5125744690903496,100,1.0,0.4873954768329804,1,0,1,0,,0.34406978
zmot sales funnel,1,0.4647788817135393,100,1.0,0.3712607321280216,1,0,1,0,,0.34184512
sales funnel or sale funnel,3,0.4647788817135393,100,1.0,0.4873954768329804,1,0,1,0,,0.39844975
vortex funnels for sale,2,0.4647788817135393,100,1.0,0.4873954768329804,1,0,1,0,,0.26827738
optimizes the sales funnel,2,0.5125744690903496,100,1.0,0.5375168442542968,1,0,1,1,,0.52849036
sales funnel javascript,1,0.5125744690903496,100,1.0,0.5375168442542968,1,0,1,0,,0.33873767
inbound marketing sales funnel for content,3,0.4647788817135393,100,1.0,0.4873954768329804,1,0,1,1,,0.55082136
coaching sales funnel,1,0.5125744690903496,86,0.86,0.5375168442542968,1,0,1,0,,0.5351243
funneling sales,0,0.5125744690903496,100,1.0,0.5375168442542968,0,0,1,0,,0.5690044
how to finish a sales funnel,3,0.5125744690903496,100,1.0,0.5375168442542968,1,1,1,0,,0.40819064
working down sales funnel,2,0.4647788817135393,100,1.0,0.3712607321280216,1,0,1,0,,0.43364698
how much does it cost to build a sales funnel,3,0.4647788817135393,100,1.0,0.4873954768329804,1,1,1,0,,0.31039673
advertising sales funnel,1,0.4647788817135393,100,1.0,0.3712607321280216,1,0,1,0,,0.52055836
visual sales funnel online,2,0.5125744690903496,100,1.0,0.4873954768329804,1,0,1,0,,0.4226548
health coach sales funnel,2,0.5254234924358973,100,1.0,0.5509911136472015,1,0,1,0,,0.40658766
how to set up a sales funnel,3,0.6780806793699885,52,0.52,0.711076749,0,1,1,0,,0.40260458
sales funnel movement over time excel,3,0.5254234924358973,100,1.0,0.5509911136472015,1,0,1,0,,0.3012354
sales funnel builder for wordpress,3,0.5254234924358973,100,1.0,0.5509911136472015,1,0,1,0,,0.37266505
create a custom sales funnel,3,0.6065541214606821,100,1.0,0.6360696384577723,1,0,1,1,,0.3350021
build a sales funnel,2,0.5254234924358973,70,0.7,0.4970486454037257,0,0,1,0,,0.48631668
roofing sales funnel,1,0.5254234924358973,100,1.0,0.5509911136472015,1,0,1,0,,0.3589621
sales funnel challenge,1,0.5883663587591673,100,1.0,0.5826450379722601,1,0,1,1,,0.45478386
the sales funnel for tech solutions,3,0.6500439197737131,100,1.0,0.6360696384577723,1,0,1,0,,0.55118257
sales funnel email marketing,2,0.5254234924358973,74,0.74,0.4770522288433292,1,0,1,1,,0.5990645
sales funnel excel model,2,0.5254234924358973,100,1.0,0.5509911136472015,1,0,1,0,,0.31037542
tech sales funnel,1,0.5254234924358973,100,1.0,0.5509911136472015,1,0,1,0,,0.43929398
"""sales funnels"" ""services"" ""schedule a call""",3,0.5883663587591673,100,1.0,0.5826450379722601,1,0,1,0,,0.3088641
"""the blog sales funnel""",2,0.6370128022874986,100,1.0,0.6680104684941067,1,0,1,0,,0.4731963
tool to develop a visual template for a sales funnel that you can fill in,3,0.7249573229065104,100,1.0,0.7524506509957629,1,0,1,0,,0.3309984
best mlm sales funnel,2,0.5883663587591673,100,1.0,0.5826450379722601,1,0,1,0,,0.518884
why are sales funnels good?,3,0.5556085808270379,100,1.0,0.5826450379722601,1,1,1,1,,0.46284392
sales funnel online,1,0.709690137,100,1.0,0.6447395281114626,1,0,1,0,,0.4391458
funnel cake deep fryer for sale,3,0.6780806793699885,77,0.77,0.7000222270779219,1,0,1,0,,0.18305752
sales funnel for pool company,3,0.5426994279494539,100,1.0,0.3712607321280216,1,0,1,0,,0.39704052
elementor sales funnel,1,0.5254234924358973,100,1.0,0.4873954768329804,1,0,1,0,,0.33038113
divi sales funnel page,2,0.5556085808270379,100,1.0,0.5375168442542968,1,0,1,0,,0.2634497
e commernce sales funnel,2,0.5254234924358973,100,1.0,0.5509911136472015,1,0,1,0,,0.43988228
learn how to build sales funnels,3,0.6970181850263112,100,1.0,0.7309357718656888,1,0,1,1,,0.5677788
text sms sales funnel,2,0.5883663587591673,100,1.0,0.6169968414284669,1,0,1,0,,0.38923413
best sales funnel 2019,2,0.5556085808270379,100,1.0,0.5375168442542968,1,0,1,0,,0.37961555
stages of the sales funnel,3,0.6226219325120035,100,1.0,0.4970486454037257,1,0,1,1,,0.47650728
etsy sales funnel,1,0.6065541214606821,100,1.0,0.6360696384577723,1,0,1,0,,0.31618667
telemarketing sales funnel,1,0.5556085808270379,100,1.0,0.4873954768329804,1,0,1,0,,0.45491198
why are my sales funnel emails not selling,3,0.5883663587591673,100,1.0,0.6169968414284669,1,0,1,1,,0.3743587
sales funnel with google doc,3,0.6065541214606821,100,1.0,0.6360696384577723,1,0,1,0,,0.29026213
sample sales funnel,1,0.5254234924358973,100,1.0,0.3712607321280216,1,0,1,0,,0.46560904
sales funnel done for you,3,0.7249573229065104,79,0.79,0.7602344555305266,1,0,1,0,,0.42824632
how to sell sales funnels,3,0.5883663587591673,100,1.0,0.5375168442542968,1,1,1,0,,0.46087888
webinar for sales funnel,2,0.5254234924358973,100,1.0,0.5509911136472015,1,0,1,0,,0.35595328
best sales funnels,1,0.6226219325120035,70,0.7,0.5826450379722601,1,0,1,0,,0.4856222
affiliate marketing sales funnel done for you,3,0.6370128022874986,100,1.0,0.6680104684941067,1,0,1,0,,0.5142195
the ultimate sales funnel,2,0.5883663587591673,100,1.0,0.5826450379722601,1,0,1,1,,0.51508987
car sales funnel,1,0.7450940310549541,88,0.88,0.711076749,0,0,1,0,,0.32299948
free sales funnel,1,0.6226219325120035,68,0.68,0.6529193249154452,1,0,1,0,,0.44450688
funnel science predictive sales and marketing anylysis,3,0.751202432,100,1.0,0.7602344555305266,1,0,1,0,,0.58589935
building sales funnels using mindmanager,3,0.5556085808270379,100,1.0,0.5375168442542968,1,0,1,0,,0.39613608
ebook sales funnel,1,0.5254234924358973,100,1.0,0.4970486454037257,1,0,1,0,,0.47674894
sales funnel graphic template,2,0.6226219325120035,100,1.0,0.3712607321280216,1,0,1,0,,0.3151839
brendon burchard sales funnel,2,0.5883663587591673,100,1.0,0.6169968414284669,1,0,1,0,,0.30196977
marketing and sales funnel prospects are defined as,3,0.6065541214606821,100,1.0,0.5826450379722601,1,0,1,0,,0.5140287
sales funnel model,1,0.5782868937216873,69,0.69,0.3712607321280216,1,0,1,0,,0.46183208
open source sales funnel software,3,0.6500439197737131,100,1.0,0.6680104684941067,1,0,1,0,,0.40523565
create your own sales funnel,3,0.5426994279494539,100,1.0,0.3712607321280216,1,0,1,1,,0.44899124
"""real estate developer"" marketing sales funnel",3,0.5254234924358973,100,1.0,0.5509911136472015,1,0,1,0,,0.5487459
sales funnel math,1,0.6065541214606821,100,1.0,0.6360696384577723,1,0,1,0,,0.41909164
sales funnel wikipedia,1,0.5883663587591673,100,1.0,0.6169968414284669,1,0,1,0,,0.4283165
manychats sales funnel setup,2,0.5556085808270379,100,1.0,0.5375168442542968,1,0,1,0,,0.36351195
best app shopify funnel sales,3,0.6370128022874986,100,1.0,0.6169968414284669,1,0,1,0,,0.46213478
sales funnel awareness consideration,2,0.5556085808270379,100,1.0,0.4873954768329804,1,0,1,0,,0.4545566
landing page and sales funnel,3,0.5254234924358973,100,1.0,0.5509911136472015,1,0,1,1,,0.372138
russell brunson sales funnel,2,0.6370128022874986,87,0.87,0.5826450379722601,1,0,1,0,,0.35823098
sales funnel outdated,1,0.5556085808270379,100,1.0,0.4873954768329804,1,0,1,0,,0.28272215
whitepaper valuable content marketing types for moving prospects through sales funnel b2b july 2017,3,0.5254234924358973,100,1.0,0.5509911136472015,1,0,1,0,,0.5526752
hypertext software instant sales funnel,3,0.5254234924358973,100,1.0,0.5509911136472015,1,0,1,0,,0.4285901
optimus fuel funnel sale,2,0.5556085808270379,100,1.0,0.5826450379722601,1,0,1,0,,0.330037
sales funnel conversion rate average,3,0.5883663587591673,100,1.0,0.6169968414284669,1,0,1,0,,0.26082456
sales funnel template free,2,0.7877372409766855,100,1.0,0.7997755189799128,1,0,1,0,,0.333142
sales vs click funnel,2,0.5556085808270379,100,1.0,0.5375168442542968,1,0,1,0,,0.43003917
sales funnel developers,1,0.762663564,100,1.0,0.7877566774864215,1,0,1,0,,0.49690336
types of sales funnels,2,0.5883663587591673,85,0.85,0.4873954768329804,1,0,1,0,,0.4011684
pinterest sales funnel,1,0.5556085808270379,100,1.0,0.5826450379722601,0,0,1,0,,0.3530343
how to write facebook ad sales funnel,3,0.5254234924358973,100,1.0,0.5509911136472015,1,1,1,0,,0.41939932
examples of sales funnel propsal,3,0.5883663587591673,100,1.0,0.6169968414284669,1,0,1,0,,0.4295562
sales funnel on squarespace,2,0.6065541214606821,100,1.0,0.6360696384577723,1,0,1,0,,0.32592496
sales funnel layout,1,0.5883663587591673,100,1.0,0.5826450379722601,1,0,1,1,,0.37615204
3. at what phase of the sales funnel is social media most important,3,0.5883663587591673,100,1.0,0.5826450379722601,1,0,1,0,,0.5335763
how to define your sales funnel,3,0.5556085808270379,100,1.0,0.5826450379722601,1,1,1,0,,0.38069543
how to build a successful sales funnel,3,0.6500439197737131,73,0.73,0.5826450379722601,1,1,1,0,,0.53823966
resume  sales funnel  forecast and measure performance from lead generation through to close.,3,0.5254234924358973,100,1.0,0.5509911136472015,1,0,1,0,,0.4096081
sales funnel template word,2,0.7249573229065104,100,1.0,0.7524506509957629,1,0,1,0,,0.29947382
we will build a wordpress sales funnel,3,0.5556085808270379,100,1.0,0.5375168442542968,1,0,1,0,,0.5315512
done for you sales funnel system,3,0.7320010622777752,74,0.74,0.7399289671797024,1,0,1,0,,0.4458546
sales funnel categories,1,0.5556085808270379,100,1.0,0.4873954768329804,1,0,1,0,,0.3798329
sales funnel for online jewelry business,3,0.5556085808270379,100,1.0,0.5375168442542968,1,0,1,0,,0.45286924
